openmediavault-forkeddaapd (0.3.0.5) stable; urgency=low

  * Code was modified to meet the coding guidelines.
  * Mantis 0000581: Add deb-triggers 'update-locale' and 'update-fileperms'
    to replace omv_install_locale and omv_install_fixperms in postinst
    scripts.

 -- Volker Theile <volker.theile@openmediavault.org>  Tue, 28 Aug 2012 21:03:28 +0200

openmediavault-forkeddaapd (0.3.0.4) stable; urgency=low

  * Update locales.

 -- Volker Theile <volker.theile@openmediavault.org>  Fri, 29 Jun 2012 22:21:33 +0200

openmediavault-forkeddaapd (0.3.0.3) stable; urgency=low

  * Update locales.

 -- Volker Theile <volker.theile@openmediavault.org>  Fri, 25 May 2012 21:39:57 +0200

openmediavault-forkeddaapd (0.3.0.2) stable; urgency=low

  * Update locales.

 -- Volker Theile <volker.theile@openmediavault.org>  Thu, 03 May 2012 21:15:00 +0200

openmediavault-forkeddaapd (0.3.0.1) stable; urgency=low

  * Update locales.

 -- Volker Theile <volker.theile@openmediavault.org>  Thu, 26 Apr 2012 22:40:23 +0200

openmediavault-forkeddaapd (0.3) stable; urgency=low

  * Adapt to openmediavault 0.3

 -- Volker Theile <volker.theile@openmediavault.org>  Sat, 07 Jan 2012 14:33:58 +0100

openmediavault-forkeddaapd (0.2.3) stable; urgency=low

  * Fix config import issues

 -- Volker Theile <volker.theile@openmediavault.org>  Wed, 28 Dec 2011 12:48:31 +0100

openmediavault-forkeddaapd (0.2.2) stable; urgency=low

  * Improve monitoring implementation (via monit)

 -- Volker Theile <volker.theile@openmediavault.org>  Fri, 09 Dec 2011 19:58:36 +0100

openmediavault-forkeddaapd (0.2.1) stable; urgency=low

  * Improve monitoring implementation (via monit)

 -- Volker Theile <volker.theile@openmediavault.org>  Sat, 19 Nov 2011 21:38:55 +0100

openmediavault-forkeddaapd (0.2) stable; urgency=low

  * Official release

 -- Volker Theile <volker.theile@openmediavault.org>  Sun, 16 Oct 2011 19:52:48 +0200

openmediavault-forkeddaapd (0.1) stable; urgency=low

  * Internal release

 -- Volker Theile <volker.theile@openmediavault.org>  Mon, 25 Oct 2010 13:17:27 +0200
